"ï»¿Punto","Este","Norte"
"1","810501,38","1514354,17"
"2","810505,119","1514349,37"
"3","810506,396","1514348,27"
"4","810506,969","1514347,7"
"5","810507,44","1514347,03"
"6","810507,797","1514346,3"
"7","810508,911","1514343,52"
"8","810509,458","1514343"
"9","810509,539","1514342,91"
"10","810510,105","1514342,29"
"11","810510,707","1514341,66"
"12","810511,183","1514341,09"
"13","810511,567","1514340,44"
"14","810511,85","1514339,75"
"15","810511,954","1514339,45"
"16","810512,458","1514338,94"
"17","810512,879","1514338,36"
"18","810513,207","1514337,72"
"19","810513,436","1514337,04"
"20","810513,755","1514336,72"
"21","810514,396","1514336,12"
"22","810514,817","1514335,67"
"23","810515,384","1514334,98"
"24","810515,819","1514334,51"
"25","810516,12","1514334,36"
"26","810516,201","1514334,32"
"27","810516,329","1514334,3"
"28","810517,033","1514334,17"
"29","810517,713","1514333,95"
"30","810518,354","1514333,64"
"31","810519,224","1514333,12"
"32","810519,838","1514332,75"
"33","810520,477","1514332,46"
"34","810521,313","1514332,07"
"35","810522,145","1514331,71"
"36","810522,974","1514331,35"
"37","810523,771","1514331,03"
"38","810524,573","1514330,73"
"39","810525,362","1514330,45"
"40","810526,204","1514330,18"
"41","810527,054","1514329,92"
"42","810527,847","1514329,7"
"43","810528,631","1514329,51"
"44","810529,437","1514329,34"
"45","810530,288","1514329,19"
"46","810531,173","1514329,05"
"47","810532,168","1514328,91"
"48","810533,195","1514328,75"
"49","810534,192","1514328,59"
"50","810535,18","1514328,43"
"51","810536,16","1514328,27"
"52","810537,135","1514328,12"
"53","810538,165","1514327,96"
"54","810539,195","1514327,78"
"55","810540,183","1514327,6"
"56","810541,03","1514327,38"
"57","810541,82","1514327,01"
"58","810542,534","1514326,51"
"59","810543,15","1514325,89"
"60","810543,65","1514325,18"
"61","810544,018","1514324,39"
"62","810544,244","1514323,55"
"63","810544,32","1514322,68"
"64","810544,268","1514321,96"
"65","810543,107","1514313,94"
"66","810542,963","1514312,94"
"67","810542,897","1514312,48"
"68","810542,873","1514312,33"
"69","810542,647","1514311,49"
"70","810542,279","1514310,7"
"71","810541,779","1514309,99"
"72","810541,162","1514309,37"
"73","810540,449","1514308,87"
"74","810539,659","1514308,5"
"75","810538,817","1514308,28"
"76","810537,949","1514308,2"
"77","810537,263","1514308,25"
"78","810536,834","1514308,31"
"79","810535,839","1514308,46"
"80","810534,88","1514308,6"
"81","810533,912","1514308,73"
"82","810532,921","1514308,86"
"83","810531,93","1514308,99"
"84","810531,694","1514309,03"
"85","810530,628","1514309,24"
"86","810529,602","1514309,45"
"87","810528,653","1514309,65"
"88","810527,919","1514309,8"
"89","810527,244","1514309,88"
"90","810526,414","1514309,94"
"91","810525,547","1514309,99"
"92","810524,678","1514310,02"
"93","810523,809","1514310,04"
"94","810522,962","1514310,03"
"95","810522,117","1514310"
"96","810521,291","1514309,96"
"97","810520,4","1514309,87"
"98","810519,446","1514309,79"
"99","810518,578","1514309,71"
"100","810517,923","1514309,63"
"101","810517,683","1514309,59"
"102","810517,303","1514309,54"
"103","810516,698","1514309,32"
"104","810515,991","1514309,15"
"105","810515,265","1514309,08"
"106","810514,538","1514309,13"
"107","810513,826","1514309,28"
"108","810513,332","1514309,07"
"109","810512,434","1514308,67"
"110","810512,298","1514308,61"
"111","810511,633","1514308,34"
"112","810511,235","1514308,13"
"113","810510,636","1514307,72"
"114","810510,31","1514307,51"
"115","810509,601","1514307,17"
"116","810508,667","1514306,81"
"117","810508,49","1514306,75"
"118","810507,583","1514306,45"
"119","810506,883","1514306,27"
"120","810506,731","1514306,17"
"121","810506,212","1514305,91"
"122","810505,689","1514305,68"
"123","810505,435","1514305,52"
"124","810505,103","1514305,26"
"125","810504,737","1514304,89"
"126","810504,356","1514304,45"
"127","810503,77","1514303,87"
"128","810503,159","1514303,43"
"129","810502,791","1514303,2"
"130","810500,985","1514300,44"
"131","810500,631","1514299,97"
"132","810500,346","1514299,66"
"133","810498,205","1514297,51"
"134","810497,875","1514297,2"
"135","810497,725","1514297,08"
"136","810493,042","1514293,45"
"137","810492,619","1514293,07"
"138","810491,796","1514292,36"
"139","810491,717","1514292,3"
"140","810490,441","1514291,26"
"141","810487,81","1514289,02"
"142","810485,089","1514286,01"
"143","810483,982","1514284,52"
"144","810483,863","1514284,33"
"145","810483,109","1514282,19"
"146","810482,982","1514281,87"
"147","810482,647","1514281,11"
"148","810482,354","1514280,39"
"149","810482,084","1514279,68"
"150","810481,836","1514278,97"
"151","810481,603","1514278,23"
"152","810481,386","1514277,49"
"153","810481,188","1514276,74"
"154","810481,011","1514275,99"
"155","810480,852","1514275,24"
"156","810480,712","1514274,48"
"157","810480,59","1514273,71"
"158","810480,485","1514272,93"
"159","810480,398","1514272,16"
"160","810480,331","1514271,39"
"161","810480,283","1514270,62"
"162","810480,255","1514269,85"
"163","810480,246","1514269,08"
"164","810480,257","1514268,31"
"165","810480,287","1514267,54"
"166","810480,336","1514266,76"
"167","810480,383","1514266,22"
"168","810480,401","1514266,02"
"169","810480,492","1514265,23"
"170","810480,599","1514264,47"
"171","810480,745","1514263,59"
"172","810480,91","1514262,61"
"173","810481,076","1514261,62"
"174","810481,242","1514260,64"
"175","810481,408","1514259,65"
"176","810481,574","1514258,67"
"177","810481,733","1514257,72"
"178","810481,908","1514256,77"
"179","810482,093","1514255,77"
"180","810482,114","1514255,64"
"181","810482,266","1514254,65"
"182","810482,417","1514253,66"
"183","810482,567","1514252,67"
"184","810482,718","1514251,68"
"185","810482,867","1514250,69"
"186","810483,017","1514249,71"
"187","810483,17","1514248,73"
"188","810483,324","1514247,75"
"189","810483,479","1514246,76"
"190","810483,633","1514245,77"
"191","810483,787","1514244,78"
"192","810483,914","1514243,96"
"193","810484,006","1514243,77"
"194","810484,236","1514242,9"
"195","810485,854","1514233"
"196","810487,479","1514223,15"
"197","810489,148","1514213,32"
"198","810490,903","1514203,51"
"199","810492,702","1514193,67"
"200","810494,476","1514183,81"
"201","810494,491","1514183,73"
"202","810496,067","1514173,85"
"203","810496,084","1514173,73"
"204","810497,42","1514163,88"
"205","810498,96","1514154,08"
"206","810500,67","1514144,23"
"207","810502,209","1514134,29"
"208","810502,336","1514133,44"
"209","810503,322","1514127,43"
"210","810503,847","1514124,51"
"211","810505,479","1514114,52"
"212","810505,764","1514112,66"
"213","810507,114","1514104,57"
"214","810508,158","1514097,78"
"215","810508,626","1514094,54"
"216","810510,306","1514084,56"
"217","810510,362","1514084,1"
"218","810511,108","1514074,01"
"219","810512,279","1514063,94"
"220","810512,298","1514063,74"
"221","810512,366","1514062,84"
"222","810512,374","1514062,71"
"223","810512,836","1514053,38"
"224","810513,48","1514043,16"
"225","810513,489","1514042,91"
"226","810513,626","1514032,61"
"227","810513,55","1514031,71"
"228","810513,523","1514031,56"
"229","810511,634","1514022,44"
"230","810513,923","1514013,18"
"231","810514,048","1514012,45"
"232","810514,061","1514011,7"
"233","810513,962","1514010,96"
"234","810513,754","1514010,24"
"235","810510,313","1514001,22"
"236","810511,063","1513992"
"237","810511,08","1513991,59"
"238","810511,056","1513991,1"
"239","810510,052","1513980,89"
"240","810510,033","1513980,72"
"241","810508,697","1513970,55"
"242","810508,682","1513970,44"
"243","810507,124","1513960,29"
"244","810507,102","1513960,15"
"245","810505,204","1513949,98"
"246","810503,775","1513943,12"
"247","810503,013","1513939,79"
"248","810502,987","1513939,69"
"249","810500,47","1513929,72"
"250","810497,906","1513919,76"
"251","810497,868","1513919,62"
"252","810495,021","1513909,75"
"253","810494,978","1513909,61"
"254","810491,843","1513899,83"
"255","810491,772","1513899,63"
"256","810488,172","1513890,03"
"257","810484,74","1513880,37"
"258","810484,662","1513880,17"
"259","810480,764","1513870,66"
"260","810480,72","1513870,56"
"261","810476,607","1513861,15"
"262","810476,517","1513860,95"
"263","810472,009","1513851,73"
"264","810467,515","1513842,5"
"265","810467,448","1513842,37"
"266","810462,659","1513833,24"
"267","810461,371","1513830,88"
"268","810461,313","1513830,78"
"269","810457,502","1513824,18"
"270","810457,436","1513824,07"
"271","810452,098","1513815,36"
"272","810452,025","1513815,24"
"273","810446,492","1513806,74"
"274","810442,868","1513800,99"
"275","810441,075","1513798,18"
"276","810440,989","1513798,05"
"277","810435,291","1513789,71"
"278","810434,393","1513788,39"
"279","810429,576","1513781,4"
"280","810425,935","1513776,13"
"281","810423,964","1513773,18"
"282","810422,516","1513771,01"
"283","810418,304","1513764,88"
"284","810412,744","1513756,58"
"285","810407,083","1513748,31"
"286","810401,518","1513740,13"
"287","810396,266","1513731,73"
"288","810396,152","1513731,56"
"289","810390,504","1513723,3"
"290","810390,208","1513722,91"
"291","810389,966","1513722,65"
"292","810383,636","1513716,12"
"293","810380,471","1513707,44"
"294","810380,184","1513706,8"
"295","810379,809","1513706,2"
"296","810379,355","1513705,67"
"297","810372,655","1513698,79"
"298","810367,735","1513690,73"
"299","810367,651","1513690,6"
"300","810362,176","1513682,23"
"301","810356,827","1513674,05"
"302","810352,236","1513665,37"
"303","810352,145","1513665,2"
"304","810351,992","1513664,95"
"305","810346,494","1513656,6"
"306","810346,208","1513656,21"
"307","810340,053","1513648,58"
"308","810334,657","1513640,44"
"309","810329,124","1513632,1"
"310","810323,584","1513623,79"
"311","810318,096","1513615,42"
"312","810312,522","1513607,1"
"313","810307","1513598,77"
"314","810301,418","1513590,45"
"315","810295,829","1513582,15"
"316","810290,242","1513573,84"
"317","810284,602","1513565,61"
"318","810279,141","1513557,32"
"319","810273,761","1513548,92"
"320","810273,645","1513548,75"
"321","810267,933","1513540,61"
"322","810262,443","1513532,38"
"323","810257,028","1513523,98"
"324","810251,493","1513515,58"
"325","810245,876","1513507,26"
"326","810240,251","1513499,02"
"327","810234,76","1513490,73"
"328","810229,307","1513482,37"
"329","810228,925","1513481,85"
"330","810222,89","1513474,87"
"331","810219,523","1513466,1"
"332","810219,186","1513465,39"
"333","810218,809","1513464,83"
"334","810212,818","1513457,09"
"335","810207,579","1513448,84"
"336","810202,211","1513440,4"
"337","810196,846","1513431,98"
"338","810191,561","1513423,5"
"339","810186,206","1513415,02"
"340","810180,842","1513406,56"
"341","810175,466","1513398,13"
"342","810170,124","1513389,7"
"343","810164,832","1513381,21"
"344","810159,476","1513372,75"
"345","810154,146","1513364,28"
"346","810148,8","1513355,84"
"347","810143,539","1513347,36"
"348","810138,244","1513338,84"
"349","810132,883","1513330,38"
"350","810127,593","1513321,91"
"351","810122,282","1513313,41"
"352","810116,909","1513304,94"
"353","810111,518","1513296,5"
"354","810111,135","1513295,98"
"355","810110,736","1513295,56"
"356","810104,265","1513289,45"
"357","810101,688","1513280,69"
"358","810101,397","1513279,93"
"359","810100,987","1513279,23"
"360","810095,32","1513271,13"
"361","810090,049","1513262,79"
"362","810084,771","1513254,29"
"363","810079,427","1513245,86"
"364","810074,262","1513237,34"
"365","810074,163","1513237,18"
"366","810069,326","1513229,84"
"367","810068,98","1513229,37"
"368","810068,363","1513228,76"
"369","810067,65","1513228,26"
"370","810067,229","1513228,06"
"371","810066,86","1513227,89"
"372","810066,018","1513227,66"
"373","810065,149","1513227,59"
"374","810064,281","1513227,66"
"375","810063,439","1513227,89"
"376","810062,65","1513228,26"
"377","810062,355","1513228,44"
"378","810061,217","1513229,21"
"379","810033,836","1513187,57"
"380","810034,709","1513186,99"
"381","810035,128","1513186,67"
"382","810035,744","1513186,05"
"383","810036,244","1513185,34"
"384","810036,612","1513184,55"
"385","810036,838","1513183,71"
"386","810036,914","1513182,84"
"387","810036,838","1513181,97"
"388","810036,612","1513181,13"
"389","810036,244","1513180,34"
"390","810036,02","1513179,99"
"391","810035,233","1513178,86"
"392","810035,026","1513178,58"
"393","810028,798","1513170,82"
"394","810022,937","1513162,98"
"395","810017,441","1513154,75"
"396","810011,786","1513146,46"
"397","810006,124","1513138,21"
"398","810006,02","1513138,07"
"399","810000,048","1513130"
"400","809993,966","1513121,97"
"401","809987,812","1513114,04"
"402","809981,773","1513106,2"
"403","809976,103","1513098,11"
"404","809970,37","1513089,86"
"405","809964,464","1513081,72"
"406","809964,342","1513081,56"
"407","809958,318","1513073,93"
"408","809953,276","1513065,63"
"409","809952,881","1513065,07"
"410","809946,529","1513057,27"
"411","809940,821","1513050,37"
"412","809938,421","1513041,18"
"413","809938,213","1513040,56"
"414","809937,926","1513039,97"
"415","809937,564","1513039,42"
"416","809937,134","1513038,92"
"417","809930,015","1513031,74"
"418","809923,383","1513024,68"
"419","809917,902","1513016,76"
"420","809917,308","1513015,9"
"421","809912,796","1513009,41"
"422","809912,121","1513008,47"
"423","809908,709","1513003,76"
"424","809906,428","1513000,43"
"425","809900,835","1512992,33"
"426","809900,469","1512991,77"
"427","809895,572","1512984,21"
"428","809890,625","1512975,9"
"429","809885,762","1512967,57"
"430","809882,121","1512960,9"
"431","809881,094","1512959,08"
"432","809881,052","1512959,01"
"433","809876,095","1512950,66"
"434","809871,019","1512942,49"
"435","809866,533","1512934,29"
"436","809862,738","1512925,64"
"437","809858,938","1512916,74"
"438","809858,751","1512916,35"
"439","809854,288","1512907,98"
"440","809850,987","1512899,32"
"441","809848,151","1512890,19"
"442","809845,364","1512880,95"
"443","809842,886","1512871,76"
"444","809840,987","1512862,42"
"445","809839,961","1512856,77"
"446","809839,308","1512852,95"
"447","809837,765","1512843,39"
"448","809836,37","1512833,88"
"449","809835,28","1512824,36"
"450","809834,472","1512814,8"
"451","809833,894","1512805,24"
"452","809833,699","1512795,68"
"453","809833,767","1512786,12"
"454","809834,21","1512776,55"
"455","809834,859","1512766,89"
"456","809835,417","1512757,57"
"457","809837,449","1512748,43"
"458","809837,492","1512748,21"
"459","809837,568","1512747,42"
"460","809837,625","1512743,91"
"461","809838,597","1512738,59"
"462","809838,675","1512737,71"
"463","809838,659","1512737,31"
"464","809837,929","1512728,19"
"465","809840,257","1512719,82"
"466","809844,024","1512710,82"
"467","809844,109","1512710,6"
"468","809844,282","1512710,01"
"469","809846,512","1512700,36"
"470","809846,548","1512700,19"
"471","809848,41","1512690,63"
"472","809849,185","1512687,9"
"473","809851,048","1512681,14"
"474","809851,101","1512680,93"
"475","809853,144","1512672,01"
"476","809853,178","1512671,85"
"477","809853,323","1512671,11"
"478","809855,612","1512661,41"
"479","809855,648","1512661,25"
"480","809857,641","1512651,28"
"481","809859,638","1512641,15"
"482","809859,684","1512640,86"
"483","809860,976","1512630,57"
"484","809861,015","1512629,95"
"485","809860,963","1512629,23"
"486","809859,511","1512619,27"
"487","809860,557","1512612,29"
"488","809861,129","1512611,06"
"489","809861,418","1512610,28"
"490","809861,572","1512609,46"
"491","809862,639","1512598,97"
"492","809862,662","1512598,64"
"493","809863,035","1512588,1"
"494","809863,038","1512587,92"
"495","809863,031","1512587,66"
"496","809862,485","1512577,12"
"497","809862,426","1512576,57"
"498","809860,728","1512566,2"
"499","809859,248","1512555,85"
"500","809857,818","1512545,45"
"501","809857,788","1512545,26"
"502","809857,706","1512544,88"
"503","809855,098","1512534,77"
"504","809852,818","1512524,59"
"505","809852,74","1512524,29"
"506","809849,805","1512514,18"
"507","809849,698","1512513,85"
"508","809846,046","1512503,96"
"509","809845,959","1512503,74"
"510","809841,851","1512494,05"
"511","809841,744","1512493,82"
"512","809837,119","1512484,31"
"513","809832,296","1512474,91"
"514","809832,159","1512474,67"
"515","809826,75","1512465,61"
"516","809826,69","1512465,52"
"517","809826,239","1512464,8"
"518","809820,986","1512456,64"
"519","809820,848","1512456,43"
"520","809814,739","1512447,9"
"521","809814,67","1512447,81"
"522","809808,365","1512439,42"
"523","809808,235","1512439,25"
"524","809801,563","1512431,12"
"525","809801,48","1512431,02"
"526","809794,571","1512423,11"
"527","809794,414","1512422,94"
"528","809787,138","1512415,36"
"529","809786,955","1512415,18"
"530","809779,272","1512407,95"
"531","809771,482","1512400,82"
"532","809771,319","1512400,68"
"533","809771,214","1512400,59"
"534","809762,965","1512394,04"
"535","809762,764","1512393,89"
"536","809754,193","1512387,76"
"537","809754,049","1512387,66"
"538","809745,266","1512381,84"
"539","809744,993","1512381,67"
"540","809735,835","1512376,43"
"541","809726,677","1512371,19"
"542","809726,421","1512371,06"
"543","809716,968","1512366,35"
"544","809716,734","1512366,25"
"545","809713,428","1512364,81"
"546","809713,304","1512364,76"
"547","809706,871","1512362,16"
"548","809706,762","1512362,12"
"549","809697,002","1512358,45"
"550","809687,307","1512354,71"
"551","809687,028","1512354,62"
"552","809677,197","1512351,58"
"553","809669,729","1512349,35"
"554","809667,465","1512348,65"
"555","809657,775","1512345,76"
"556","809655,442","1512345,07"
"557","809648,112","1512342,95"
"558","809641,147","1512341,03"
"559","809638,609","1512340,36"
"560","809629,404","1512336,94"
"561","809620,031","1512333,62"
"562","809610,824","1512329,87"
"563","809610,648","1512329,8"
"564","809610,024","1512329,62"
"565","809600,575","1512327,52"
"566","809591,473","1512324,16"
"567","809591,245","1512324,08"
"568","809581,698","1512321,09"
"569","809581,13","1512320,95"
"570","809571,566","1512319,15"
"571","809562,323","1512316,19"
"572","809552,789","1512313,19"
"573","809543,221","1512310,12"
"574","809533,605","1512307,23"
"575","809524,053","1512304,31"
"576","809514,433","1512301,4"
"577","809504,788","1512298,65"
"578","809495,257","1512295,9"
"579","809485,832","1512292,87"
"580","809476,36","1512289,71"
"581","809476,045","1512289,62"
"582","809466,368","1512287,08"
"583","809466,199","1512287,04"
"584","809456,521","1512284,87"
"585","809446,922","1512282,31"
"586","809440,963","1512280,8"
"587","809440,603","1512280,72"
"588","809439,735","1512280,65"
"589","809438,867","1512280,72"
"590","809438,025","1512280,95"
"591","809437,235","1512281,32"
"592","809436,521","1512281,82"
"593","809435,905","1512282,43"
"594","809435,405","1512283,15"
"595","809435,037","1512283,94"
"596","809434,928","1512284,27"
"597","809434,038","1512287,39"
"598","809395,725","1512276,29"
"599","809396,552","1512273,4"
"600","809396,669","1512272,89"
"601","809396,745","1512272,03"
"602","809396,669","1512271,16"
"603","809396,443","1512270,32"
"604","809396,075","1512269,53"
"605","809395,575","1512268,81"
"606","809394,959","1512268,2"
"607","809394,245","1512267,7"
"608","809393,455","1512267,33"
"609","809392,613","1512267,1"
"610","809392,072","1512267,05"
"611","809390,185","1512266,66"
"612","809389,125","1512266,38"
"613","809388,254","1512266,14"
"614","809380,117","1512263,08"
"615","809370,65","1512259,69"
"616","809370,504","1512259,64"
"617","809360,985","1512256,56"
"618","809360,313","1512256,39"
"619","809360,039","1512256,35"
"620","809350,687","1512255,23"
"621","809342,044","1512251,56"
"622","809336,005","1512249,07"
"623","809335,806","1512248,99"
"624","809335,415","1512248,87"
"625","809333,171","1512248,25"
"626","809332,168","1512247,94"
"627","809330,835","1512247,54"
"628","809322,413","1512245,17"
"629","809312,733","1512242,54"
"630","809303,074","1512239,94"
"631","809302,808","1512239,88"
"632","809293,077","1512237,81"
"633","809286,566","1512236,23"
"634","809286,248","1512236,16"
"635","809285,38","1512236,08"
"636","809284,512","1512236,16"
"637","809283,67","1512236,38"
"638","809282,88","1512236,75"
"639","809282,166","1512237,25"
"640","809281,55","1512237,87"
"641","809281,117","1512238,49"
"642","809273,09","1512236,12"
"643","809272,964","1512236,08"
"644","809263,295","1512233,49"
"645","809253,911","1512231,02"
"646","809253,619","1512230,9"
"647","809253,696","1512230,72"
"648","809253,922","1512229,88"
"649","809253,998","1512229,01"
"650","809253,922","1512228,14"
"651","809253,696","1512227,3"
"652","809253,328","1512226,51"
"653","809252,828","1512225,79"
"654","809252,212","1512225,18"
"655","809251,498","1512224,68"
"656","809251,17","1512224,5"
"657","809250,209","1512224,04"
"658","809249,635","1512223,74"
"659","809248,572","1512223,16"
"660","809248,194","1512222,91"
"661","809244,227","1512220,3"
"662","809243,969","1512220,13"
"663","809240,027","1512217,84"
"664","809236,714","1512215,4"
"665","809233,064","1512212,45"
"666","809229,715","1512209,75"
"667","809226,342","1512206,49"
"668","809223,355","1512203,6"
"669","809220,334","1512199,95"
"670","809217,762","1512196,85"
"671","809217,662","1512196,7"
"672","809215,036","1512192,77"
"673","809213,236","1512190,08"
"674","809212,93","1512189,58"
"675","809212,711","1512189,18"
"676","809210,412","1512185,01"
"677","809208,613","1512181,74"
"678","809208,45","1512181,35"
"679","809206,613","1512177,02"
"680","809205,168","1512173,61"
"681","809204,987","1512173,05"
"682","809203,522","1512168,58"
"683","809202,486","1512165,41"
"684","809202,426","1512164,96"
"685","809201,805","1512160,28"
"686","809201,324","1512156,66"
"687","809201,291","1512156,45"
"688","809201,262","1512156,3"
"689","809201,053","1512155,3"
"690","809200,57","1512152,98"
"691","809200,258","1512150,96"
"692","809199,749","1512147,66"
"693","809199,684","1512146,73"
"694","809199,454","1512143,42"
"695","809199,428","1512143,04"
"696","809199,371","1512142,09"
"697","809199,304","1512141,53"
"698","809199,2","1512141,14"
"699","809199,192","1512140,57"
"700","809199,191","1512140,22"
"701","809199,193","1512140,06"
"702","809199,206","1512138,61"
"703","809199,255","1512136,61"
"704","809199,303","1512135,36"
"705","809199,308","1512135,25"
"706","809199,328","1512134,82"
"707","809199,435","1512132,98"
"708","809199,592","1512130,94"
"709","809199,604","1512130,73"
"710","809199,618","1512130,3"
"711","809199,621","1512130,13"
"712","809199,61","1512129,8"
"713","809199,603","1512129,69"
"714","809199,526","1512128,52"
"715","809199,674","1512127,12"
"716","809199,84","1512125,67"
"717","809199,872","1512125,1"
"718","809199,796","1512124,23"
"719","809199,571","1512123,39"
"720","809199,202","1512122,6"
"721","809198,949","1512122,24"
"722","809199","1512120,53"
"723","809199,016","1512120,35"
"724","809199,024","1512120,26"
"725","809199,142","1512118,98"
"726","809199,33","1512117,36"
"727","809199,586","1512115,68"
"728","809199,627","1512115,34"
"729","809199,636","1512115,22"
"730","809200,012","1512113,3"
"731","809200,284","1512111,96"
"732","809200,476","1512110,92"
"733","809200,494","1512110,83"
"734","809201,127","1512108,46"
"735","809201,681","1512106,57"
"736","809201,808","1512106,03"
"737","809201,866","1512105,58"
"738","809201,874","1512105,49"
"739","809201,909","1512105,08"
"740","809202,524","1512100,89"
"741","809202,551","1512100,67"
"742","809203,063","1512095,74"
"743","809203,075","1512095,61"
"744","809203,082","1512095,52"
"745","809203,464","1512090,57"
"746","809203,849","1512085,65"
"747","809204,339","1512080,7"
"748","809204,831","1512075,81"
"749","809205,431","1512070,9"
"750","809206,085","1512065,98"
"751","809206,129","1512065,33"
"752","809206,162","1512060,27"
"753","809206,162","1512060,17"
"754","809206,104","1512055,12"
"755","809206,028","1512054,31"
"756","809205,971","1512054,03"
"757","809204,843","1512049,13"
"758","809204,464","1512044,58"
"759","809204,507","1512039,87"
"760","809204,747","1512035,55"
"761","809205,582","1512030,59"
"762","809206,41","1512025,65"
"763","809207,22","1512020,7"
"764","809208,039","1512015,8"
"765","809208,892","1512010,88"
"766","809209,741","1512005,93"
"767","809210,542","1512000,97"
"768","809211,332","1511996,05"
"769","809212,18","1511991,14"
"770","809212,997","1511986,19"
"771","809213,82","1511981,27"
"772","809214,662","1511976,35"
"773","809215,492","1511971,41"
"774","809216,313","1511966,47"
"775","809217,127","1511961,52"
"776","809217,925","1511956,58"
"777","809218,719","1511951,67"
"778","809219,564","1511946,76"
"779","809220,407","1511941,81"
"780","809221,216","1511936,86"
"781","809221,282","1511936,05"
"782","809221,206","1511935,19"
"783","809220,98","1511934,34"
"784","809220,612","1511933,55"
"785","809220,112","1511932,84"
"786","809219,496","1511932,22"
"787","809218,782","1511931,72"
"788","809217,992","1511931,36"
"789","809217,124","1511931,13"
"790","809217,015","1511931,11"
"791","809215,762","1511930,9"
"792","809205,108","1511929,13"
"793","809203,852","1511928,92"
"794","809203,776","1511928,9"
"795","809203,63","1511928,88"
"796","809203,516","1511928,86"
"797","809203,403","1511928,84"
"798","809203,291","1511928,82"
"799","809203,179","1511928,81"
"800","809203,067","1511928,79"
"801","809202,956","1511928,77"
"802","809202,844","1511928,75"
"803","809202,734","1511928,73"
"804","809202,622","1511928,71"
"805","809202,418","1511928,68"
"806","809201,162","1511928,47"
"807","809200,581","1511928,37"
"808","809198,172","1511927,97"
"809","809190,509","1511926,7"
"810","809189,253","1511926,49"
"811","809186,182","1511925,98"
"812","809185,361","1511925,91"
"813","809184,493","1511925,99"
"814","809183,651","1511926,21"
"815","809182,861","1511926,58"
"816","809182,147","1511927,08"
"817","809181,531","1511927,7"
"818","809181,031","1511928,41"
"819","809180,663","1511929,2"
"820","809180,429","1511930,09"
"821","809179,81","1511934,02"
"822","809179,778","1511934,22"
"823","809179,005","1511938,92"
"824","809178,967","1511939,15"
"825","809178,22","1511943,89"
"826","809178,2","1511944,01"
"827","809177,296","1511948,63"
"828","809176,081","1511953,12"
"829","809176,023","1511953,34"
"830","809174,767","1511957,97"
"831","809174,709","1511958,19"
"832","809173,457","1511962,83"
"833","809173,4","1511963,04"
"834","809173,296","1511963,52"
"835","809172,541","1511968,28"
"836","809172,507","1511968,5"
"837","809171,74","1511973,19"
"838","809171,716","1511973,34"
"839","809170,829","1511977,99"
"840","809169,647","1511982,5"
"841","809169,591","1511982,72"
"842","809169,522","1511983,02"
"843","809168,595","1511987,71"
"844","809168,568","1511987,85"
"845","809167,511","1511992,44"
"846","809167,462","1511992,66"
"847","809167,422","1511992,85"
"848","809166,532","1511997,54"
"849","809166,49","1511997,77"
"850","809165,612","1512002,47"
"851","809165,572","1512002,69"
"852","809164,701","1512007,4"
"853","809164,658","1512007,63"
"854","809164,58","1512008,4"
"855","809164,463","1512013,17"
"856","809163,851","1512017,63"
"857","809163,821","1512017,85"
"858","809163,792","1512018,11"
"859","809163,392","1512022,91"
"860","809162,68","1512027,48"
"861","809162,66","1512027,61"
"862","809161,775","1512032,22"
"863","809161,727","1512032,47"
"864","809161,707","1512032,59"
"865","809160,954","1512037,31"
"866","809160,928","1512037,48"
"867","809160,089","1512042,14"
"868","809160,051","1512042,35"
"869","809159,201","1512047,05"
"870","809159,16","1512047,28"
"871","809158,325","1512052"
"872","809158,289","1512052,2"
"873","809157,428","1512056,88"
"874","809157,385","1512057,11"
"875","809157,364","1512057,24"
"876","809156,64","1512061,97"
"877","809156,615","1512062,13"
"878","809155,797","1512066,79"
"879","809155,755","1512067,03"
"880","809154,971","1512071,77"
"881","809154,94","1512071,95"
"882","809154,103","1512076,62"
"883","809154,067","1512076,82"
"884","809153,196","1512081,51"
"885","809153,152","1512081,75"
"886","809153,135","1512081,85"
"887","809152,377","1512086,57"
"888","809152,346","1512086,76"
"889","809151,555","1512091,46"
"890","809151,522","1512091,66"
"891","809150,688","1512096,34"
"892","809150,652","1512096,54"
"893","809149,793","1512101,23"
"894","809149,746","1512101,49"
"895","809148,955","1512106,25"
"896","809148,921","1512106,45"
"897","809148,119","1512111,15"
"898","809148,078","1512111,4"
"899","809147,328","1512116,16"
"900","809147,296","1512116,36"
"901","809146,526","1512121,06"
"902","809146,489","1512121,28"
"903","809145,733","1512126,02"
"904","809145,694","1512126,26"
"905","809144,99","1512131,02"
"906","809144,967","1512131,18"
"907","809144,159","1512135,82"
"908","809144,135","1512135,96"
"909","809143,186","1512140,57"
"910","809143,142","1512140,79"
"911","809143,116","1512140,93"
"912","809143,062","1512141,33"
"913","809142,613","1512146,1"
"914","809142,597","1512146,27"
"915","809142,081","1512150,75"
"916","809142,06","1512150,87"
"917","809141,232","1512155,19"
"918","809141,195","1512155,35"
"919","809141,165","1512155,49"
"920","809140,166","1512159,6"
"921","809140,14","1512159,71"
"922","809140,116","1512159,79"
"923","809139,004","1512163,69"
"924","809137,505","1512167,55"
"925","809137,019","1512168,63"
"926","809136,009","1512170,81"
"927","809135,886","1512171,02"
"928","809135,831","1512171,11"
"929","809133,738","1512174,42"
"930","809133,663","1512174,54"
"931","809132,014","1512176,81"
"932","809131,307","1512177,71"
"933","809128,576","1512180,78"
"934","809125,462","1512183,63"
"935","809125,347","1512183,75"
"936","809122,55","1512186,39"
"937","809122,15","1512186,81"
"938","809122,012","1512186,98"
"939","809121,895","1512187,14"
"940","809119,575","1512190,16"
"941","809118,49","1512191,59"
"942","809117,156","1512193,34"
"943","809116,882","1512193,74"
"944","809115,102","1512196,61"
"945","809114,782","1512197,13"
"946","809114,704","1512197,26"
"947","809114,544","1512197,56"
"948","809113,178","1512200,35"
"949","809113,087","1512200,54"
"950","809112,732","1512201,35"
"951","809112,649","1512201,56"
"952","809112,293","1512202,48"
"953","809111,194","1512205,32"
"954","809111,12","1512205,53"
"955","809110,323","1512207,99"
"956","809109,888","1512209,32"
"957","809109,719","1512210,01"
"958","809108,985","1512214,23"
"959","809108,954","1512214,43"
"960","809108,81","1512215,53"
"961","809108,78","1512215,82"
"962","809108,495","1512219,79"
"963","809108,485","1512219,95"
"964","809108,331","1512223,93"
"965","809108,328","1512224,12"
"966","809108,333","1512224,35"
"967","809108,493","1512227,82"
"968","809108,508","1512228,04"
"969","809108,555","1512228,55"
"970","809108,585","1512228,81"
"971","809109,153","1512232,76"
"972","809109,178","1512232,92"
"973","809109,237","1512233,21"
"974","809110,162","1512237,1"
"975","809110,37","1512237,76"
"976","809110,67","1512238,39"
"977","809111,054","1512238,98"
"978","809113,579","1512242,28"
"979","809113,721","1512242,46"
"980","809114,112","1512242,87"
"981","809116,656","1512245,28"
"982","809117,866","1512247,22"
"983","809118,599","1512250,35"
"984","809118,769","1512250,91"
"985","809118,933","1512251,31"
"986","809120,618","1512254,94"
"987","809120,822","1512255,33"
"988","809121,309","1512256,03"
"989","809123,804","1512259,02"
"990","809125,245","1512260,82"
"991","809125,335","1512260,95"
"992","809125,645","1512261,32"
"993","809127,908","1512264,13"
"994","809128,206","1512264,5"
"995","809130,383","1512267,43"
"996","809130,587","1512267,71"
"997","809131,536","1512269,09"
"998","809132,433","1512270,59"
"999","809132,509","1512270,73"
"1000","809132,714","1512271,11"
"1001","809133,682","1512272,85"
"1002","809134,425","1512274,19"
"1003","809134,495","1512274,34"
"1004","809135,546","1512277,39"
"1005","809135,77","1512278,95"
"1006","809135,852","1512280,05"
"1007","809135,904","1512280,76"
"1008","809135,967","1512281,26"
"1009","809136,192","1512282,1"
"1010","809136,561","1512282,89"
"1011","809137,06","1512283,6"
"1012","809137,61","1512284,16"
"1013","809140,183","1512286,4"
"1014","809139,845","1512289,04"
"1015","809139,804","1512289,67"
"1016","809139,88","1512290,54"
"1017","809140,106","1512291,38"
"1018","809140,474","1512292,17"
"1019","809140,974","1512292,89"
"1020","809141,591","1512293,5"
"1021","809142,304","1512294"
"1022","809143,094","1512294,37"
"1023","809143,974","1512294,61"
"1024","809144,462","1512294,69"
"1025","809151,573","1512298,48"
"1026","809152,214","1512298,77"
"1027","809153,043","1512298,99"
"1028","809154,297","1512299,21"
"1029","809154,415","1512299,23"
"1030","809155,289","1512299,31"
"1031","809156,157","1512299,23"
"1032","809156,999","1512299,01"
"1033","809157,789","1512298,64"
"1034","809158,503","1512298,14"
"1035","809159,119","1512297,52"
"1036","809159,619","1512296,81"
"1037","809159,987","1512296,02"
"1038","809160,216","1512295,16"
"1039","809160,272","1512294,83"
"1040","809160,407","1512294,22"
"1041","809161,258","1512290,37"
"1042","809161,31","1512290,19"
"1043","809162,804","1512287,43"
"1044","809164,676","1512284,88"
"1045","809167,088","1512283,95"
"1046","809168,567","1512283,39"
"1047","809169,254","1512283,06"
"1048","809169,883","1512282,63"
"1049","809170,44","1512282,12"
"1050","809170,912","1512281,52"
"1051","809171,775","1512280,25"
"1052","809171,978","1512279,95"
"1053","809172,561","1512279,14"
"1054","809173,21","1512278,29"
"1055","809174,727","1512276,48"
"1056","809175,153","1512276,01"
"1057","809175,592","1512275,54"
"1058","809175,792","1512275,33"
"1059","809176,273","1512274,84"
"1060","809178,551","1512272,75"
"1061","809181,519","1512270,6"
"1062","809185,101","1512268,86"
"1063","809185,187","1512268,82"
"1064","809185,399","1512268,71"
"1065","809188,794","1512266,78"
"1066","809189,227","1512266,51"
"1067","809192,521","1512264,14"
"1068","809193,621","1512263,33"
"1069","809194,046","1512263,06"
"1070","809196,202","1512261,53"
"1071","809196,717","1512261,24"
"1072","809199,363","1512259,75"
"1073","809200,038","1512259,45"
"1074","809202,756","1512258,27"
"1075","809203,519","1512258,01"
"1076","809206,192","1512257,24"
"1077","809206,326","1512257,21"
"1078","809209,643","1512256,66"
"1079","809209,802","1512256,65"
"1080","809210,243","1512256,61"
"1081","809213,201","1512256,45"
"1082","809216,411","1512256,94"
"1083","809216,958","1512257,05"
"1084","809217,372","1512257,11"
"1085","809219,389","1512257,88"
"1086","809221,803","1512258,82"
"1087","809224,298","1512259,75"
"1088","809224,636","1512259,86"
"1089","809233,388","1512262,39"
"1090","809233,478","1512262,42"
"1091","809234,123","1512262,61"
"1092","809243,619","1512265,67"
"1093","809243,96","1512265,77"
"1094","809253,653","1512268,15"
"1095","809263,264","1512270,62"
"1096","809272,81","1512273,29"
"1097","809275,745","1512274,15"
"1098","809282,09","1512276,32"
"1099","809291,574","1512279,54"
"1100","809291,755","1512279,6"
"1101","809301,316","1512282,45"
"1102","809310,799","1512285,38"
"1103","809319,026","1512288,09"
"1104","809320,283","1512288,5"
"1105","809321,342","1512288,84"
"1106","809323,674","1512289,6"
"1107","809329,873","1512291,54"
"1108","809330,498","1512291,69"
"1109","809330,607","1512291,71"
"1110","809340,127","1512293,17"
"1111","809349,032","1512296,23"
"1112","809358,197","1512300,01"
"1113","809358,393","1512300,09"
"1114","809358,582","1512300,15"
"1115","809368,128","1512303,2"
"1116","809376,559","1512305,83"
"1117","809377,644","1512306,18"
"1118","809378,862","1512306,58"
"1119","809381,12","1512307,29"
"1120","809381,348","1512307,37"
"1121","809382,122","1512307,57"
"1122","809382,99","1512307,64"
"1123","809383,858","1512307,57"
"1124","809384,7","1512307,34"
"1125","809385,49","1512306,98"
"1126","809386,204","1512306,48"
"1127","809386,82","1512305,86"
"1128","809387,32","1512305,15"
"1129","809387,689","1512304,36"
"1130","809387,798","1512304,02"
"1131","809388,6","1512301,21"
"1132","809426,918","1512312,29"
"1133","809425,871","1512315,97"
"1134","809425,778","1512316,31"
"1135","809425,651","1512316,82"
"1136","809425,575","1512317,68"
"1137","809425,651","1512318,55"
"1138","809425,877","1512319,39"
"1139","809426,245","1512320,18"
"1140","809426,745","1512320,9"
"1141","809427,361","1512321,52"
"1142","809428,075","1512322,01"
"1143","809428,865","1512322,38"
"1144","809429,707","1512322,61"
"1145","809429,974","1512322,64"
"1146","809430,573","1512322,7"
"1147","809435,45","1512323,31"
"1148","809444,137","1512326,87"
"1149","809444,322","1512326,94"
"1150","809444,573","1512327,02"
"1151","809454,139","1512329,94"
"1152","809454,295","1512329,99"
"1153","809463,896","1512332,58"
"1154","809473,447","1512335,37"
"1155","809473,628","1512335,42"
"1156","809483,373","1512337,88"
"1157","809493,113","1512340,15"
"1158","809502,714","1512342,62"
"1159","809512,374","1512345,23"
"1160","809522,103","1512347,72"
"1161","809531,775","1512350,18"
"1162","809541,394","1512352,72"
"1163","809551,048","1512355,41"
"1164","809560,499","1512357,82"
"1165","809569,574","1512361,36"
"1166","809569,679","1512361,4"
"1167","809570,094","1512361,53"
"1168","809579,751","1512364,12"
"1169","809589,445","1512366,73"
"1170","809599,186","1512369,18"
"1171","809599,382","1512369,23"
"1172","809608,948","1512371,24"
"1173","809618,244","1512374,18"
"1174","809618,856","1512374,34"
"1175","809628,579","1512376,12"
"1176","809631,035","1512376,73"
"1177","809637,68","1512378,82"
"1178","809644,82","1512381,23"
"1179","809646,842","1512381,92"
"1180","809655,707","1512386,03"
"1181","809656,1","1512386,2"
"1182","809656,514","1512386,33"
"1183","809658,752","1512386,93"
"1184","809665,997","1512388,82"
"1185","809675,32","1512391,37"
"1186","809675,771","1512391,47"
"1187","809676,225","1512391,53"
"1188","809685,767","1512392,32"
"1189","809694,457","1512394,25"
"1190","809699,731","1512396,42"
"1191","809702,563","1512397,77"
"1192","809711,128","1512401,72"
"1193","809719,418","1512405,96"
"1194","809727,617","1512410,52"
"1195","809735,669","1512415,15"
"1196","809743,248","1512420,42"
"1197","809750,721","1512426,03"
"1198","809757,932","1512431,96"
"1199","809764,837","1512438,14"
"1200","809771,307","1512444,86"
"1201","809777,695","1512451,7"
"1202","809783,591","1512458,9"
"1203","809789,242","1512466,31"
"1204","809794,43","1512474,08"
"1205","809799,058","1512481,36"
"1206","809799,344","1512481,86"
"1207","809803,846","1512490,16"
"1208","809808,177","1512498,52"
"1209","809812,172","1512506,92"
"1210","809815,685","1512515,63"
"1211","809819,166","1512524,32"
"1212","809821,954","1512533,22"
"1213","809824,456","1512541,83"
"1214","809825,069","1512550,89"
"1215","809825,582","1512560,39"
"1216","809825,608","1512560,7"
"1217","809826,699","1512570,1"
"1218","809827,781","1512579,27"
"1219","809827,978","1512588,46"
"1220","809828,046","1512597,84"
"1221","809827,92","1512607,3"
"1222","809827,955","1512607,93"
"1223","809828,169","1512609,71"
"1224","809828,209","1512609,98"
"1225","809828,363","1512610,61"
"1226","809830,361","1512616,97"
"1227","809827,229","1512624,56"
"1228","809827,153","1512624,76"
"1229","809826,995","1512625,28"
"1230","809824,672","1512634,73"
"1231","809824,631","1512634,91"
"1232","809822,646","1512644,51"
"1233","809820,735","1512654,18"
"1234","809818,776","1512663,87"
"1235","809818,595","1512664,67"
"1236","809816,644","1512673,65"
"1237","809815,216","1512680,5"
"1238","809814,61","1512683,41"
"1239","809812,366","1512693,1"
"1240","809809,898","1512702,86"
"1241","809809,822","1512703,21"
"1242","809809,752","1512703,83"
"1243","809809,234","1512714,11"
"1244","809808,918","1512723,66"
"1245","809805,685","1512732,75"
"1246","809805,483","1512733,5"
"1247","809804,357","1512739,49"
"1248","809803,469","1512743,49"
"1249","809803,426","1512743,7"
"1250","809803,358","1512744,3"
"1251","809802,793","1512754,63"
"1252","809802,788","1512754,76"
"1253","809802,489","1512765,09"
"1254","809802,186","1512775,4"
"1255","809801,898","1512785,72"
"1256","809801,897","1512785,88"
"1257","809802,003","1512796,24"
"1258","809802,165","1512806,61"
"1259","809802,513","1512817,02"
"1260","809803,01","1512827,38"
"1261","809803,035","1512827,69"
"1262","809804,167","1512837,97"
"1263","809804,201","1512838,22"
"1264","809805,865","1512848,46"
"1265","809805,914","1512848,71"
"1266","809808,158","1512858,81"
"1267","809808,204","1512859"
"1268","809809,278","1512863,07"
"1269","809810,926","1512868,98"
"1270","809813,427","1512878,92"
"1271","809815,965","1512888,9"
"1272","809816,052","1512889,2"
"1273","809819,114","1512898,71"
"1274","809821","1512908,6"
"1275","809821,213","1512909,37"
"1276","809821,407","1512909,83"
"1277","809825,801","1512918,96"
"1278","809829,247","1512928,42"
"1279","809832,885","1512938,08"
"1280","809832,938","1512938,22"
"1281","809836,85","1512947,75"
"1282","809836,926","1512947,92"
"1283","809841,2","1512957,3"
"1284","809841,25","1512957,41"
"1285","809845,746","1512966,69"
"1286","809845,827","1512966,85"
"1287","809850,662","1512975,98"
"1288","809851,704","1512977,91"
"1289","809851,765","1512978,02"
"1290","809855,811","1512985,08"
"1291","809855,988","1512985,37"
"1292","809861,647","1512993,83"
"1293","809867,04","1513002,41"
"1294","809872,119","1513010,37"
"1295","809872,567","1513011,04"
"1296","809872,631","1513011,13"
"1297","809878,411","1513019,41"
"1298","809880,816","1513022,82"
"1299","809884,302","1513027,61"
"1300","809884,863","1513028,4"
"1301","809889,088","1513034,87"
"1302","809889,62","1513035,71"
"1303","809894,891","1513044,06"
"1304","809899,708","1513052,71"
"1305","809899,756","1513052,79"
"1306","809904,846","1513061,45"
"1307","809909,911","1513070,06"
"1308","809914,88","1513078,7"
"1309","809919,707","1513087,44"
"1310","809924,558","1513096,26"
"1311","809929,52","1513105,04"
"1312","809929,581","1513105,14"
"1313","809934,781","1513113,75"
"1314","809940,167","1513122,3"
"1315","809945,729","1513130,73"
"1316","809951,378","1513138,96"
"1317","809956,769","1513147,24"
"1318","809961,988","1513155,71"
"1319","809967,225","1513164,23"
"1320","809967,301","1513164,35"
"1321","809972,8","1513172,76"
"1322","809978,45","1513181,07"
"1323","809983,981","1513189,19"
"1324","809988,949","1513197,72"
"1325","809994,054","1513206,28"
"1326","809994,711","1513207,46"
"1327","809995,229","1513208,2"
"1328","809995,845","1513208,82"
"1329","809996,559","1513209,32"
"1330","809997,349","1513209,69"
"1331","809998,191","1513209,91"
"1332","809999,059","1513209,99"
"1333","809999,927","1513209,91"
"1334","810000,769","1513209,69"
"1335","810001,559","1513209,32"
"1336","810001,854","1513209,13"
"1337","810002,691","1513208,57"
"1338","810023,599","1513238,75"
"1339","810031,067","1513249,53"
"1340","810030,375","1513250"
"1341","810029,956","1513250,31"
"1342","810029,34","1513250,93"
"1343","810028,84","1513251,64"
"1344","810028,472","1513252,43"
"1345","810028,246","1513253,28"
"1346","810028,17","1513254,14"
"1347","810028,246","1513255,01"
"1348","810028,472","1513255,85"
"1349","810028,84","1513256,64"
"1350","810029,063","1513257"
"1351","810034,079","1513264,22"
"1352","810039,764","1513272,43"
"1353","810045,441","1513280,69"
"1354","810051,206","1513288,86"
"1355","810056,88","1513297,12"
"1356","810062,715","1513305,29"
"1357","810062,955","1513305,6"
"1358","810063,578","1513306,23"
"1359","810070,549","1513312,03"
"1360","810073,609","1513320,45"
"1361","810073,977","1513321,24"
"1362","810074,429","1513321,9"
"1363","810080,68","1513329,58"
"1364","810086,431","1513337,5"
"1365","810092,004","1513345,71"
"1366","810092,094","1513345,84"
"1367","810097,967","1513353,93"
"1368","810103,791","1513362,08"
"1369","810109,744","1513370,14"
"1370","810115,582","1513378,23"
"1371","810121,438","1513386,34"
"1372","810127,288","1513394,46"
"1373","810133,136","1513402,56"
"1374","810138,933","1513410,71"
"1375","810144,802","1513418,83"
"1376","810150,641","1513426,93"
"1377","810156,422","1513435,09"
"1378","810162,302","1513443,26"
"1379","810168,316","1513451,29"
"1380","810174,174","1513459,33"
"1381","810180,012","1513467,49"
"1382","810185,984","1513475,48"
"1383","810191,639","1513483,63"
"1384","810191,933","1513484,01"
"1385","810198,516","1513491,69"
"1386","810204,887","1513499,01"
"1387","810209,991","1513507,11"
"1388","810215,167","1513515,66"
"1389","810220,418","1513524,14"
"1390","810225,465","1513532,73"
"1391","810225,59","1513532,93"
"1392","810231,083","1513541,34"
"1393","810236,725","1513549,68"
"1394","810242,487","1513557,96"
"1395","810248,377","1513566,07"
"1396","810254,005","1513574,06"
"1397","810259,065","1513582,49"
"1398","810259,22","1513582,74"
"1399","810264,846","1513591"
"1400","810270,423","1513599,3"
"1401","810276,087","1513607,55"
"1402","810281,664","1513615,77"
"1403","810287,064","1513624,12"
"1404","810287,134","1513624,23"
"1405","810292,767","1513632,47"
"1406","810298,374","1513640,75"
"1407","810303,997","1513649,03"
"1408","810309,638","1513657,29"
"1409","810315,279","1513665,57"
"1410","810320,974","1513673,81"
"1411","810326,669","1513682,04"
"1412","810332,386","1513690,26"
"1413","810338,109","1513698,45"
"1414","810343,773","1513706,65"
"1415","810349,222","1513714,65"
"1416","810353,676","1513723,33"
"1417","810353,795","1513723,55"
"1418","810354,035","1513723,93"
"1419","810359,789","1513732,11"
"1420","810360,048","1513732,45"
"1421","810360,428","1513732,85"
"1422","810366,876","1513739"
"1423","810369,494","1513747,77"
"1424","810369,764","1513748,48"
"1425","810370,137","1513749,13"
"1426","810370,605","1513749,73"
"1427","810377,142","1513756,83"
"1428","810382,213","1513764,92"
"1429","810382,367","1513765,15"
"1430","810388,101","1513773,25"
"1431","810393,601","1513781,54"
"1432","810397,734","1513787,66"
"1433","810399,099","1513789,78"
"1434","810399,195","1513789,93"
"1435","810401,228","1513792,86"
"1436","810404,835","1513798,08"
"1437","810409,392","1513805,01"
"1438","810410,249","1513806,32"
"1439","810415,672","1513814,57"
"1440","810417,4","1513817,3"
"1441","810421,033","1513822,87"
"1442","810426,305","1513831,02"
"1443","810431,162","1513839,42"
"1444","810434,837","1513845,63"
"1445","810436,012","1513847,73"
"1446","810440,529","1513856,25"
"1447","810444,86","1513864,86"
"1448","810448,943","1513873,61"
"1449","810452,867","1513882,35"
"1450","810456,317","1513891,32"
"1451","810459,726","1513900,39"
"1452","810462,925","1513909,49"
"1453","810465,903","1513918,65"
"1454","810468,672","1513927,9"
"1455","810471,244","1513937,24"
"1456","810473,724","1513946,59"
"1457","810474,44","1513949,63"
"1458","810475,892","1513955,83"
"1459","810477,321","1513965,34"
"1460","810478,946","1513975,03"
"1461","810479,128","1513975,76"
"1462","810481,855","1513983,98"
"1463","810480,204","1513992,78"
"1464","810480,129","1513993,44"
"1465","810480,142","1513994,1"
"1466","810480,242","1513994,76"
"1467","810480,429","1513995,4"
"1468","810483,513","1514003,75"
"1469","810482,388","1514012,41"
"1470","810482,347","1514013,05"
"1471","810482,353","1514013,3"
"1472","810482,834","1514022,94"
"1473","810482,883","1514032,59"
"1474","810482,946","1514042,21"
"1475","810482,483","1514051,77"
"1476","810481,876","1514060,54"
"1477","810481,807","1514061,27"
"1478","810480,661","1514070,89"
"1479","810479,38","1514080,58"
"1480","810478,105","1514090,3"
"1481","810477,639","1514093,46"
"1482","810476,697","1514100,05"
"1483","810475,538","1514107,97"
"1484","810475,251","1514109,78"
"1485","810473,688","1514119,61"
"1486","810473,232","1514122,54"
"1487","810472,254","1514128,56"
"1488","810472,11","1514129,41"
"1489","810470,425","1514139,3"
"1490","810468,898","1514149,18"
"1491","810467,198","1514159,03"
"1492","810465,622","1514168,94"
"1493","810464,063","1514178,79"
"1494","810462,418","1514188,69"
"1495","810460,954","1514198,62"
"1496","810459,467","1514208,51"
"1497","810458,01","1514218,35"
"1498","810456,331","1514228,2"
"1499","810454,816","1514238,13"
"1500","810453,874","1514244,11"
"1501","810453,813","1514244,89"
"1502","810453,866","1514245,62"
"1503","810453,88","1514245,74"
"1504","810453,682","1514246,64"
"1505","810453,609","1514246,76"
"1506","810453,23","1514247,45"
"1507","810452,972","1514248,19"
"1508","810452,84","1514248,96"
"1509","810452,697","1514249,27"
"1510","810452,585","1514249,62"
"1511","810452,496","1514249,93"
"1512","810452,239","1514250,81"
"1513","810451,983","1514251,66"
"1514","810451,707","1514252,55"
"1515","810451,438","1514253,42"
"1516","810451,172","1514254,25"
"1517","810450,899","1514255,04"
"1518","810450,604","1514255,84"
"1519","810450,287","1514256,66"
"1520","810449,962","1514257,48"
"1521","810449,619","1514258,3"
"1522","810449,549","1514258,47"
"1523","810449,278","1514259,1"
"1524","810448,919","1514259,9"
"1525","810448,55","1514260,7"
"1526","810448,174","1514261,49"
"1527","810447,783","1514262,28"
"1528","810447,389","1514263,05"
"1529","810446,98","1514263,82"
"1530","810446,54","1514264,63"
"1531","810446,105","1514265,42"
"1532","810445,671","1514266,18"
"1533","810445,226","1514266,94"
"1534","810444,772","1514267,69"
"1535","810444,31","1514268,44"
"1536","810443,845","1514269,16"
"1537","810443,372","1514269,87"
"1538","810442,877","1514270,57"
"1539","810442,365","1514271,29"
"1540","810441,845","1514271,99"
"1541","810441,309","1514272,69"
"1542","810440,77","1514273,38"
"1543","810440,218","1514274,06"
"1544","810439,654","1514274,74"
"1545","810439,087","1514275,4"
"1546","810438,483","1514276,09"
"1547","810438,412","1514276,17"
"1548","810437,929","1514276,86"
"1549","810437,349","1514277,85"
"1550","810436,871","1514278,3"
"1551","810433,151","1514281,62"
"1552","810431,764","1514282,68"
"1553","810426,633","1514286,65"
"1554","810425,896","1514287,18"
"1555","810425,746","1514287,29"
"1556","810421,446","1514290,58"
"1557","810421,27","1514290,72"
"1558","810421,008","1514290,95"
"1559","810416,39","1514295,42"
"1560","810416,094","1514295,73"
"1561","810415,959","1514295,89"
"1562","810415,744","1514296,14"
"1563","810415,637","1514296,27"
"1564","810411,935","1514300,93"
"1565","810411,521","1514301,54"
"1566","810411,466","1514301,64"
"1567","810408,676","1514306,74"
"1568","810408,548","1514306,98"
"1569","810408,409","1514307,28"
"1570","810405,262","1514312,24"
"1571","810404,489","1514313,1"
"1572","810402,373","1514315,15"
"1573","810401,223","1514315,69"
"1574","810400,539","1514316,08"
"1575","810399,924","1514316,57"
"1576","810399,312","1514317,14"
"1577","810398,702","1514317,69"
"1578","810398,101","1514318,22"
"1579","810397,485","1514318,73"
"1580","810396,866","1514319,23"
"1581","810396,196","1514319,75"
"1582","810395,713","1514320,18"
"1583","810395,289","1514320,66"
"1584","810394,93","1514321,2"
"1585","810394,442","1514322,04"
"1586","810394,178","1514322,57"
"1587","810393,745","1514323,58"
"1588","810393,336","1514324,57"
"1589","810393,249","1514324,77"
"1590","810392,994","1514324,99"
"1591","810392,298","1514325,53"
"1592","810391,531","1514326,13"
"1593","810391,407","1514326,23"
"1594","810391,277","1514326,34"
"1595","810391,13","1514326,47"
"1596","810390,65","1514326,89"
"1597","810389,956","1514327,47"
"1598","810389,224","1514328,07"
"1599","810388,522","1514328,63"
"1600","810387,764","1514328,58"
"1601","810387,008","1514328,65"
"1602","810386,271","1514328,83"
"1603","810385,571","1514329,12"
"1604","810384,769","1514329,53"
"1605","810384,02","1514329,89"
"1606","810383,372","1514330,18"
"1607","810382,713","1514330,41"
"1608","810381,986","1514330,64"
"1609","810381,566","1514330,75"
"1610","810381,078","1514330,79"
"1611","810380,181","1514330,85"
"1612","810379,601","1514330,92"
"1613","810378,705","1514331,09"
"1614","810377,789","1514331,23"
"1615","810376,779","1514331,4"
"1616","810375,789","1514331,56"
"1617","810374,833","1514331,72"
"1618","810374,315","1514331,8"
"1619","810373,884","1514331,86"
"1620","810373,758","1514331,88"
"1621","810372,916","1514332,11"
"1622","810372,126","1514332,48"
"1623","810371,412","1514332,98"
"1624","810370,796","1514333,59"
"1625","810370,296","1514334,31"
"1626","810369,927","1514335,1"
"1627","810369,702","1514335,94"
"1628","810369,626","1514336,81"
"1629","810369,679","1514337,53"
"1630","810369,746","1514337,99"
"1631","810371,151","1514347,6"
"1632","810371,174","1514347,74"
"1633","810371,4","1514348,58"
"1634","810371,768","1514349,37"
"1635","810372,268","1514350,09"
"1636","810372,884","1514350,7"
"1637","810373,598","1514351,2"
"1638","810374,388","1514351,57"
"1639","810375,23","1514351,8"
"1640","810376,098","1514351,87"
"1641","810376,786","1514351,83"
"1642","810377,112","1514351,78"
"1643","810379,019","1514351,52"
"1644","810380,503","1514351,31"
"1645","810381,62","1514351,17"
"1646","810383,425","1514351,02"
"1647","810386,094","1514351,05"
"1648","810387,485","1514351,14"
"1649","810391,958","1514351,97"
"1650","810392,699","1514352,05"
"1651","810396,061","1514352,15"
"1652","810399,22","1514353,62"
"1653","810399,621","1514353,79"
"1654","810399,791","1514353,85"
"1655","810400,376","1514354,04"
"1656","810400,948","1514354,26"
"1657","810401,138","1514354,42"
"1658","810402,424","1514355,56"
"1659","810404,599","1514358,19"
"1660","810405,225","1514358,81"
"1661","810405,939","1514359,31"
"1662","810406,729","1514359,68"
"1663","810407,571","1514359,91"
"1664","810408,283","1514359,97"
"1665","810411,37","1514361,61"
"1666","810412,033","1514361,91"
"1667","810414,662","1514362,83"
"1668","810417,972","1514365,81"
"1669","810418,437","1514366,29"
"1670","810418,949","1514366,81"
"1671","810419,033","1514366,89"
"1672","810420,118","1514367,93"
"1673","810420,206","1514368,02"
"1674","810422,792","1514370,36"
"1675","810423,255","1514370,84"
"1676","810424,224","1514372,03"
"1677","810485,269","1514372,02"
"1678","810488,63","1514369,54"
"1679","810488,876","1514369,35"
"1680","810489,197","1514369,06"
"1681","810493,489","1514364,77"
"1682","810493,784","1514364,44"
"1683","810494,123","1514363,99"
"1684","810494,201","1514363,87"
"1685","810497,569","1514359,95"
"1686","810497,944","1514359,44"
"1687","810501,251","1514354,38"
"1688","810501,38","1514354,17"
